Resource Name,Literacy Pillar,Resource Type,Related Screeners,Related Subtests,Grade Range,Grade Filter,Notes,Hyperlink URL,Column1
Abracadabra,Alphabetic Principle; Phonemic Awareness; Phonics; Reading Fluency; Reading Comprehension,Instructional Resource,THaFoL; IDAPEL,Facilité à nommer des lettres; Facilité à lire des non-mots; Facilité à lire des mots; Facilité en lecture orale; FSP; FLVH,(1-2),"1,2",MLL,https://literacy.concordia.ca/resources/abra/teacher/fr/index.php,
Page par page,Alphabetic Principle; Phonics; Reading Fluency; Vocabulary; Reading Comprehension; Orthography,Instructional Resource,THaFoL; IDAPEL,Facilité à nommer des lettres; Facilité à lire des non-mots; Facilité à lire des mots; Facilité en lecture orale; FLVH,(M-1),"M,1",,https://lrsdcdn.sharepoint.com/:f:/r/sites/TeachingLearning/curriculum/Literacy/Early%20Literacy/Litt%C3%A9ratie%20structur%C3%A9e/La%20phon%C3%A9tique/Page%20par%20page?csf=1&web=1&e=6IK20Z,YES
Les leçons du CBE,Alphabetic Principle; Phonics; Reading Fluency; Vocabulary; Reading Comprehension; Orthography,Instructional Resource,THaFoL; IDAPEL,Facilité à nommer des lettres; Facilité à lire des non-mots; Facilité à lire des mots; Facilité en lecture orale; FLVH,(M-6),"M,1,2,3,4,5,6",,https://lrsdcdn.sharepoint.com/:f:/r/sites/TeachingLearning/curriculum/Literacy/Early%20Literacy/Litt%C3%A9ratie%20structur%C3%A9e/La%20phon%C3%A9tique/Le%C3%A7ons%20du%20CBE%20M-7e%20ann%C3%A9e?csf=1&web=1&e=jb0IaL,
Son au graphe,Alphabetic Principle; Phonics; Reading Fluency; Vocabulary; Reading Comprehension; Orthography,Instructional Resource,THaFoL; IDAPEL,Facilité à nommer des lettres; Facilité à lire des non-mots; Facilité à lire des mots; Facilité en lecture orale; FLVH,(M-2),"M,1,2",,https://lrsdcdn.sharepoint.com/:f:/r/sites/TeachingLearning/curriculum/Literacy/Early%20Literacy/Litt%C3%A9ratie%20structur%C3%A9e/La%20phon%C3%A9tique/Son%20au%20Graphe%20(UFLI%20fran%C3%A7ais)?csf=1&web=1&e=xGgV6H,
Alec,Alphabetic Principle; Phonics,Instructional Resource,THaFoL,Facilité à nommer des lettres; Facilité à lire des non-mots; Facilité à lire des mots,(M-5),"M,1,2,3,4,5",,https://fr.alec-edu.com/,
Phonémique version 1,Phonemic Awareness,Instructional Resource,THaFoL; IDAPEL,FSP,,,,https://lrsdcdn.sharepoint.com/:b:/r/sites/TeachingLearning/curriculum/Literacy/Early%20Literacy/Litt%C3%A9ratie%20structur%C3%A9e/La%20conscience%20phonologique/Pratique%20Phon%C3%A9mique%20-%20version%201.pdf?csf=1&web=1&e=GVZhpR,YES
Phonémique version 2,Phonemic Awareness,Instructional Resource,THaFoL; IDAPEL,FSP,,,,https://lrsdcdn.sharepoint.com/:b:/r/sites/TeachingLearning/curriculum/Literacy/Early%20Literacy/Litt%C3%A9ratie%20structur%C3%A9e/La%20conscience%20phonologique/Pratique%20Phon%C3%A9mique%20-%20r%C3%A9vis%C3%A9.pdf?csf=1&web=1&e=uYTyKd,
Kilpatrick – activités 1 minute,Phonemic Awareness,Instructional Resource,THaFoL; IDAPEL,FSP,,,,https://lrsdcdn.sharepoint.com/:b:/r/sites/TeachingLearning/curriculum/Literacy/Early%20Literacy/Litt%C3%A9ratie%20structur%C3%A9e/La%20conscience%20phonologique/Kilpatrick%20-%20Activit%C3%A9s%20d%27une%20minute%20en%20fran%C3%A7ais.pdf?csf=1&web=1&e=qEKdG8,
Handwriting Without Tears - français,Orthography,Instructional Resource,THaFoL; IDAPEL,,(M-1),"M,1",,,
